/*
 Navicat Premium Data Transfer

 Source Server         : localhost
 Source Server Type    : MySQL
 Source Server Version : 80012
 Source Host           : localhost:3306
 Source Schema         : springbootcms

 Target Server Type    : MySQL
 Target Server Version : 80012
 File Encoding         : 65001

 Date: 08/06/2020 22:09:13
*/

SET NAMES utf8mb4;
SET FOREIGN_KEY_CHECKS = 0;

-- ----------------------------
-- Table structure for activity
-- ----------------------------
DROP TABLE IF EXISTS `activity`;
CREATE TABLE `activity`  (
  `activity_id` int(11) NOT NULL AUTO_INCREMENT COMMENT '活动id',
  `activity_name` varchar(255) CHARACTER SET utf8mb4 COLLATE utf8mb4_general_ci NULL DEFAULT NULL COMMENT '活动名称',
  `activity_desc` text CHARACTER SET utf8mb4 COLLATE utf8mb4_general_ci NULL COMMENT '活动简介',
  `create_time` datetime(0) NULL DEFAULT NULL COMMENT '创建时间',
  `update_time` datetime(0) NULL DEFAULT NULL COMMENT '更新时间',
  `start_time` datetime(0) NULL DEFAULT NULL COMMENT '活动开始时间',
  `end_time` datetime(0) NULL DEFAULT NULL COMMENT '活动结束时间',
  `create_user_id` int(11) NULL DEFAULT NULL COMMENT '创建用户id',
  `create_user_name` varchar(255) CHARACTER SET utf8mb4 COLLATE utf8mb4_general_ci NULL DEFAULT NULL COMMENT '创建用户姓名',
  `status` tinyint(1) NULL DEFAULT 0 COMMENT '活动状态:0未发布 1已发布',
  PRIMARY KEY (`activity_id`) USING BTREE
) ENGINE = MyISAM AUTO_INCREMENT = 4 CHARACTER SET = utf8mb4 COLLATE = utf8mb4_general_ci ROW_FORMAT = Dynamic;

-- ----------------------------
-- Records of activity
-- ----------------------------
INSERT INTO `activity` VALUES (3, '共同抗击疫情，健康中华IT讲座', '病毒无情，人有情。防护病毒，防护IT系统，人人有责。', '2020-05-09 16:50:13', '2020-05-27 23:51:17', '2020-05-13 09:00:00', '2020-07-13 12:00:00', 1, 'admin', 1);

-- ----------------------------
-- Table structure for activity_sign
-- ----------------------------
DROP TABLE IF EXISTS `activity_sign`;
CREATE TABLE `activity_sign`  (
  `sign_id` int(11) NOT NULL AUTO_INCREMENT COMMENT '签到id',
  `activity_id` int(11) NULL DEFAULT NULL COMMENT '活动id',
  `user_id` int(11) NULL DEFAULT NULL COMMENT '用户id',
  `sign_time` timestamp(0) NULL DEFAULT NULL COMMENT '签到时间',
  `user_name` varchar(255) CHARACTER SET utf8mb4 COLLATE utf8mb4_general_ci NULL DEFAULT NULL COMMENT '账号',
  `show_name` varchar(255) CHARACTER SET utf8mb4 COLLATE utf8mb4_general_ci NULL DEFAULT NULL COMMENT '姓名',
  `sign_type` int(255) NULL DEFAULT 1 COMMENT '签到类型:1签到 2请假',
  `leave_reason` varchar(255) CHARACTER SET utf8mb4 COLLATE utf8mb4_general_ci NULL DEFAULT NULL COMMENT '请假理由',
  PRIMARY KEY (`sign_id`) USING BTREE
) ENGINE = MyISAM AUTO_INCREMENT = 8 CHARACTER SET = utf8mb4 COLLATE = utf8mb4_general_ci ROW_FORMAT = Dynamic;

-- ----------------------------
-- Records of activity_sign
-- ----------------------------
INSERT INTO `activity_sign` VALUES (7, 3, 1, '2020-05-27 23:56:44', 'admin', '超级管理员', 1, '签到');

-- ----------------------------
-- Table structure for article
-- ----------------------------
DROP TABLE IF EXISTS `article`;
CREATE TABLE `article`  (
  `article_id` int(11) NOT NULL AUTO_INCREMENT COMMENT '文章ID',
  `title` varchar(255) CHARACTER SET utf8mb4 COLLATE utf8mb4_general_ci NULL DEFAULT NULL COMMENT '文章标题',
  `create_user_id` int(11) NULL DEFAULT NULL COMMENT '创建者ID',
  `create_user_name` varchar(255) CHARACTER SET utf8mb4 COLLATE utf8mb4_general_ci NULL DEFAULT NULL COMMENT '创建者名称',
  `content` blob NULL COMMENT '内容',
  `channel_id` int(11) NULL DEFAULT NULL COMMENT '频道ID',
  `keyword` varchar(255) CHARACTER SET utf8mb4 COLLATE utf8mb4_general_ci NULL DEFAULT NULL COMMENT '关键字，逗号分隔',
  `create_time` timestamp(0) NULL DEFAULT NULL COMMENT '创建时间',
  `update_time` timestamp(0) NULL DEFAULT NULL COMMENT '更新时间',
  `status` tinyint(1) NULL DEFAULT 1 COMMENT '发布状态:1发布0未发布',
  `is_top` tinyint(1) NULL DEFAULT NULL COMMENT '是否置顶:0否1是',
  `description` varchar(255) CHARACTER SET utf8mb4 COLLATE utf8mb4_general_ci NULL DEFAULT NULL COMMENT '简介',
  PRIMARY KEY (`article_id`) USING BTREE
) ENGINE = MyISAM AUTO_INCREMENT = 4 CHARACTER SET = utf8mb4 COLLATE = utf8mb4_general_ci ROW_FORMAT = Dynamic;

-- ----------------------------
-- Records of article
-- ----------------------------
INSERT INTO `article` VALUES (1, 'springboot给力', 1, '超级管理员', 0x3C6865616465723E3C6E61762069643D226E6176223E3C70726520636C6173733D227072657474797072696E7420686967686C69676874207072657474797072696E746564223E3C636F646520636C6173733D226C616E67756167652D746578742220646174612D6C616E673D2274657874223E3C7370616E20636C6173733D22706C6E223E706C7567696E73203C2F7370616E3E3C7370616E20636C6173733D2270756E223E7B3C2F7370616E3E3C7370616E20636C6173733D22706C6E223E0A096964203C2F7370616E3E3C7370616E20636C6173733D22737472223E276F72672E737072696E676672616D65776F726B2E626F6F74273C2F7370616E3E3C7370616E20636C6173733D22706C6E223E2076657273696F6E203C2F7370616E3E3C7370616E20636C6173733D22737472223E27322E322E302E52454C45415345273C2F7370616E3E3C7370616E20636C6173733D22706C6E223E0A096964203C2F7370616E3E3C7370616E20636C6173733D22737472223E27696F2E737072696E672E646570656E64656E63792D6D616E6167656D656E74273C2F7370616E3E3C7370616E20636C6173733D22706C6E223E2076657273696F6E203C2F7370616E3E3C7370616E20636C6173733D22737472223E27312E302E382E52454C45415345273C2F7370616E3E3C7370616E20636C6173733D22706C6E223E0A096964203C2F7370616E3E3C7370616E20636C6173733D22737472223E276A617661273C2F7370616E3E3C7370616E20636C6173733D22706C6E223E0A3C2F7370616E3E3C7370616E20636C6173733D2270756E223E7D3C2F7370616E3E3C7370616E20636C6173733D22706C6E223E0A0A3C2F7370616E3E3C7370616E20636C6173733D226B7764223E67726F75703C2F7370616E3E3C7370616E20636C6173733D22706C6E223E203C2F7370616E3E3C7370616E20636C6173733D2270756E223E3D3C2F7370616E3E3C7370616E20636C6173733D22706C6E223E203C2F7370616E3E3C7370616E20636C6173733D22737472223E27636F6D2E6578616D706C65273C2F7370616E3E3C7370616E20636C6173733D22706C6E223E0A76657273696F6E203C2F7370616E3E3C7370616E20636C6173733D2270756E223E3D3C2F7370616E3E3C7370616E20636C6173733D22706C6E223E203C2F7370616E3E3C7370616E20636C6173733D22737472223E27302E302E312D534E415053484F54273C2F7370616E3E3C7370616E20636C6173733D22706C6E223E0A736F75726365436F6D7061746962696C697479203C2F7370616E3E3C7370616E20636C6173733D2270756E223E3D3C2F7370616E3E3C7370616E20636C6173733D22706C6E223E203C2F7370616E3E3C7370616E20636C6173733D22737472223E27312E38273C2F7370616E3E3C7370616E20636C6173733D22706C6E223E0A0A7265706F7369746F72696573203C2F7370616E3E3C7370616E20636C6173733D2270756E223E7B3C2F7370616E3E3C7370616E20636C6173733D22706C6E223E0A096D6176656E43656E7472616C3C2F7370616E3E3C7370616E20636C6173733D2270756E223E28293C2F7370616E3E3C7370616E20636C6173733D22706C6E223E0A3C2F7370616E3E3C7370616E20636C6173733D2270756E223E7D3C2F7370616E3E3C7370616E20636C6173733D22706C6E223E0A0A646570656E64656E63696573203C2F7370616E3E3C7370616E20636C6173733D2270756E223E7B3C2F7370616E3E3C7370616E20636C6173733D22706C6E223E0A09696D706C656D656E746174696F6E203C2F7370616E3E3C7370616E20636C6173733D22737472223E276F72672E737072696E676672616D65776F726B2E626F6F743A737072696E672D626F6F742D737461727465722D776562273C2F7370616E3E3C7370616E20636C6173733D22706C6E223E0A0974657374496D706C656D656E746174696F6E3C2F7370616E3E3C7370616E20636C6173733D2270756E223E283C2F7370616E3E3C7370616E20636C6173733D22737472223E276F72672E737072696E676672616D65776F726B2E626F6F743A737072696E672D626F6F742D737461727465722D74657374273C2F7370616E3E3C7370616E20636C6173733D2270756E223E293C2F7370616E3E3C7370616E20636C6173733D22706C6E223E203C2F7370616E3E3C7370616E20636C6173733D2270756E223E7B3C2F7370616E3E3C7370616E20636C6173733D22706C6E223E0A09096578636C756465203C2F7370616E3E3C7370616E20636C6173733D226B7764223E67726F75703C2F7370616E3E3C7370616E20636C6173733D2270756E223E3A3C2F7370616E3E3C7370616E20636C6173733D22706C6E223E203C2F7370616E3E3C7370616E20636C6173733D22737472223E276F72672E6A756E69742E76696E74616765273C2F7370616E3E3C7370616E20636C6173733D2270756E223E2C3C2F7370616E3E3C7370616E20636C6173733D22706C6E223E203C2F7370616E3E3C7370616E20636C6173733D226B7764223E6D6F64756C653C2F7370616E3E3C7370616E20636C6173733D2270756E223E3A3C2F7370616E3E3C7370616E20636C6173733D22706C6E223E203C2F7370616E3E3C7370616E20636C6173733D22737472223E276A756E69742D76696E746167652D656E67696E65273C2F7370616E3E3C7370616E20636C6173733D22706C6E223E0A093C2F7370616E3E3C7370616E20636C6173733D2270756E223E7D3C2F7370616E3E3C7370616E20636C6173733D22706C6E223E0A3C2F7370616E3E3C7370616E20636C6173733D2270756E223E7D3C2F7370616E3E3C7370616E20636C6173733D22706C6E223E0A0A74657374203C2F7370616E3E3C7370616E20636C6173733D2270756E223E7B3C2F7370616E3E3C7370616E20636C6173733D22706C6E223E0A097573654A556E6974506C6174666F726D3C2F7370616E3E3C7370616E20636C6173733D2270756E223E28293C2F7370616E3E3C7370616E20636C6173733D22706C6E223E0A3C2F7370616E3E3C7370616E20636C6173733D2270756E223E7D3C2F7370616E3E3C2F636F64653E3C2F7072653E3C2F6E61763E3C2F6865616465723E, 1, 'springboot,spring,java', '2020-05-26 22:01:18', '2020-06-06 23:25:11', 1, 0, 'plugins { 	id \'org.springframework.boot\' version \'2.2.0.RELEASE\' 	id \'io.spring.dependency-management\' version \'1.0.8.RELEASE\' 	id \'java\' }');
INSERT INTO `article` VALUES (2, 'Starting with Spring Initializr', 1, '超级管理员', 0x3C68322069643D2273637261746368223E5374617274696E67207769746820537072696E6720496E697469616C697A723C2F68323E3C64697620636C6173733D2273656374696F6E626F6479223E3C64697620636C6173733D22706172616772617068223E3C703E466F7220616C6C20537072696E67206170706C69636174696F6E732C20796F752073686F756C64207374617274207769746820746865266E6273703B3C6120687265663D2268747470733A2F2F73746172742E737072696E672E696F2F223E537072696E6720496E697469616C697A723C2F613E2E2054686520496E697469616C697A72206F6666657273206120666173742077617920746F2070756C6C20696E20616C6C2074686520646570656E64656E6369657320796F75206E65656420666F7220616E206170706C69636174696F6E20616E6420646F65732061206C6F74206F662074686520736574757020666F7220796F752E2054686973206578616D706C65206E65656473206F6E6C792074686520537072696E672057656220646570656E64656E63792E2054686520666F6C6C6F77696E6720696D6167652073686F77732074686520496E697469616C697A722073657420757020666F7220746869732073616D706C652070726F6A6563743A3C2F703E3C2F6469763E3C64697620636C6173733D22696D616765626C6F636B223E3C64697620636C6173733D22636F6E74656E74223E3C696D67207372633D2268747470733A2F2F737072696E672E696F2F6775696465732F67732F726573742D736572766963652F696D616765732F696E697469616C697A722E706E672220616C743D22696E697469616C697A72223E3C2F6469763E3C2F6469763E3C64697620636C6173733D2261646D6F6E6974696F6E626C6F636B206E6F7465223E3C7461626C6520636C6173733D226C617975692D7461626C65223E3C74626F64793E3C74723E3C746420636C6173733D2269636F6E223E3C7370616E20636C6173733D2266612069636F6E2D6E6F746522207469746C653D224E6F7465223E3C2F7370616E3E3C2F74643E3C746420636C6173733D22636F6E74656E74223E3C703E54686520707265636564696E6720696D6167652073686F77732074686520496E697469616C697A722077697468204D6176656E2063686F73656E20617320746865206275696C6420746F6F6C2E20596F752063616E20616C736F2075736520477261646C652E20497420616C736F2073686F77732076616C756573206F66266E6273703B3C636F64653E636F6D2E6578616D706C653C2F636F64653E266E6273703B616E64266E6273703B3C636F64653E726573742D736572766963653C2F636F64653E266E6273703B6173207468652047726F757020616E642041727469666163742C20726573706563746976656C792E20596F752077696C6C207573652074686F73652076616C756573207468726F7567686F7574207468652072657374206F6620746869732073616D706C652E3C2F703E3C703E3C696D67207372633D22687474703A2F2F6C6F63616C686F73743A383838382F636D732F66696C652F66696C65732F31353930353032363038363236E5BEAEE4BFA1E59BBEE789875F32303139313130333232303434302E6A70672220616C743D2231353930353032363038363236E5BEAEE4BFA1E59BBEE789875F32303139313130333232303434302E6A7067223E3C62723E3C2F703E3C2F74643E3C2F74723E3C2F74626F64793E3C2F7461626C653E3C2F6469763E3C2F6469763E, 1, 'Starting,Initializr', '2020-05-26 22:04:14', '2020-06-06 23:25:19', 0, 0, 'Starting with Spring Initializr');
INSERT INTO `article` VALUES (3, 'Navicat Cloud', 1, '超级管理员', 0x3C703E3C62723E3C2F703E3C64697620636C6173733D2270726F647563742D696E666F2D73637265656E73686F742D73656374696F6E22207374796C653D22746578742D616C69676E3A2063656E7465723B223E3C64697620636C6173733D2270726F647563742D696E666F2D73637265656E73686F742D636F6E74726F6C6C6572223E3C64697620636C6173733D2270726F647563742D696E666F2D73637265656E73686F742D6E756D626572223E3C64697620696E6465783D2277696E2D3131223E4E61766963617420436C6F75643C2F6469763E3C2F6469763E3C2F6469763E3C64697620636C6173733D2270726F647563742D696E666F2D73637265656E73686F742073686F772220696E6465783D2277696E2D31223E3C68333EE4B8BBE7AA97E58FA33C2F68333E3C703EE79BB4E8A782E5928CE8AEBEE8AEA1E5AE8CE59684E79A84E59BBEE5BDA2E794A8E688B7E7958CE99DA2E7AE80E58C96E4BA86E695B0E68DAEE5BA93E7AEA1E79086E5928CE5BC80E58F91E380823C2F703E3C64697620636C6173733D2273637265656E73686F742D636F6E7461696E6572223E3C6120636C6173733D2266616E6379626F78222072656C3D2277696E2220687265663D2268747470733A2F2F7777772E6E6176696361742E636F6D2E636E2F696D616765732F70726F647563745F73637265656E73686F742F30322E50726F647563745F30315F4D7953514C5F57696E646F77735F30315F4D61696E73637265656E5F434E2E706E6722207469746C653D22E4B8BBE7AA97E58FA3202D20E79BB4E8A782E5928CE8AEBEE8AEA1E5AE8CE59684E79A84E59BBEE5BDA2E794A8E688B7E7958CE99DA2E7AE80E58C96E4BA86E695B0E68DAEE5BA93E7AEA1E79086E5928CE5BC80E58F91E38082223E3C696D6720636C6173733D2273637265656E73686F7422207372633D2268747470733A2F2F7777772E6E6176696361742E636F6D2E636E2F696D616765732F70726F647563745F73637265656E73686F742F30322E50726F647563745F30315F4D7953514C5F57696E646F77735F30315F4D61696E73637265656E5F434E2E706E67223E3C2F613E3C2F6469763E3C2F6469763E3C2F6469763E3C683220636C6173733D2270726F647563742D696E666F2D7375627469746C6522207374796C653D22746578742D616C69676E3A2063656E7465723B223EE58A9FE883BD3C2F68323E3C64697620636C6173733D2270726F647563742D696E666F2D66656174757265732D726F7720726F7722207374796C653D22746578742D616C69676E3A2063656E7465723B223E3C64697620636C6173733D22636F6C2D736D2D3320636F6C2D6D642D322070726F647563742D696E666F2D66656174757265732D6C6F676F223E3C696D67207372633D2268747470733A2F2F7777772E6E6176696361742E636F6D2E636E2F696D616765732F30322E50726F647563745F30315F50726F64756374496E666F5F466561747572655F30315F4D6967726174696F6E2E706E67223E3C2F6469763E3C64697620636C6173733D22636F6C2D736D2D3920636F6C2D6D642D3420666561747572652D726F772D7465787422207374796C653D22746578742D616C69676E3A206C6566743B223E3C703E3C7370616E3EE697A0E7BC9DE695B0E68DAEE8BF81E7A7BB3C2F7370616E3E3C2F703E3C703EE695B0E68DAEE4BCA0E8BE93E38081E695B0E68DAEE5908CE6ADA5E5928CE7BB93E69E84E5908CE6ADA5E8AEA9E4BDA0E4BBA5E4BD8EE68890E69CACE8BDBBE69DBEE5BFABE9809FE59CB0E8BF81E7A7BBE695B0E68DAEE38082E68F90E4BE9BE8AFA6E7BB86E79A84E68C87E5BC95EFBC8CE59CA8E59084E7A78DE695B0E68DAEE5BA93E4B98BE997B4E4BCA0E8BE93E695B0E68DAEE38082E6AF94E5AFB9E5928CE5908CE6ADA5E695B0E68DAEE5BA93E79A84E695B0E68DAEE5928CE7BB93E69E84E38082E58FAAE99C80E587A0E7A792E9929FE5B0B1E883BDE8AEBEE7BDAEE5928CE983A8E7BDB2E6AF94E5AFB9EFBC8CE5B9B6E88EB7E5BE97E4BDA0E8A681E8BF90E8A18CE69BB4E694B9E79A84E8AFA6E7BB86E8849AE69CACE380823C2F703E3C2F6469763E3C64697620636C6173733D22636F6C2D736D2D3320636F6C2D6D642D322070726F647563742D696E666F2D66656174757265732D6C6F676F223E3C696D67207372633D2268747470733A2F2F7777772E6E6176696361742E636F6D2E636E2F696D616765732F30322E50726F647563745F30315F50726F64756374496E666F5F46656174757265735F4D616E6970756C6174696F6E2E706E67223E3C2F6469763E3C64697620636C6173733D22636F6C2D736D2D3920636F6C2D6D642D3420666561747572652D726F772D7465787422207374796C653D22746578742D616C69676E3A206C6566743B223E3C703E3C7370616E3EE5A49AE58583E58C96E6938DE4BD9CE5B7A5E585B73C2F7370616E3E3C2F703E3C703EE5AFBCE585A5E59091E5AFBCE883BDE5B086E4B88DE5908CE6A0BCE5BC8FE79A84E695B0E68DAEE4BCA0E8BE93E588B0E695B0E68DAEE5BA93EFBC8CE68896E88085E8AEBEE7BDAEE695B0E68DAEE6BA90E8BF9EE68EA5E5B9B6E4BDBFE794A8204F44424320E4BCA0E8BE93E38082E8A1A8E38081E8A786E59BBEE68896E69FA5E8AFA2E7BB93E69E9CE79A84E695B0E68DAEE58FAFE5AFBCE587BAE4B8BA20457863656CE38081416363657373E3808143535620E7AD89E6A0BCE5BC8FE38082E4BDBFE794A8E695B0E68DAEE8A1A8E6A0B7E5BC8FE79A84E7BD91E6A0BCE8A786E59BBEE4BBA5E58F8AE4B880E7B3BBE58897E695B0E68DAEE7BC96E8BE91E5B7A5E585B7E69DA5E6B7BBE58AA0E38081E4BFAEE694B9E5928CE588A0E999A4E8AEB0E5BD95EFBC8CE696B9E4BEBFE4BDA0E7BC96E8BE91E695B0E68DAEE380824E61766963617420E4B8BAE4BDA0E68F90E4BE9BE69C89E69588E7AEA1E79086E695B0E68DAEE68980E99C80E79A84E5B7A5E585B7EFBC8CE5B9B6E7A1AEE4BF9DE883BDE9A1BAE588A9E8BF9BE8A18CE380823C2F703E3C2F6469763E3C2F6469763E3C64697620636C6173733D2270726F647563742D696E666F2D66656174757265732D726F7720726F7722207374796C653D22746578742D616C69676E3A2063656E7465723B223E3C64697620636C6173733D22636F6C2D736D2D3320636F6C2D6D642D322070726F647563742D696E666F2D66656174757265732D6C6F676F223E3C696D67207372633D2268747470733A2F2F7777772E6E6176696361742E636F6D2E636E2F696D616765732F30322E50726F647563745F30315F50726F64756374496E666F5F466561747572655F30335F53514C636F64696E672E706E67223E3C2F6469763E3C64697620636C6173733D22636F6C2D736D2D3920636F6C2D6D642D3420666561747572652D726F772D7465787422207374796C653D22746578742D616C69676E3A206C6566743B223E3C703E3C7370616E3EE7AE80E58D95E79A842053514C20E7BC96E8BE913C2F7370616E3E3C2F703E3C703EE58FAFE8A786E58C962053514C20E5889BE5BBBAE5B7A5E585B7E58AA9E4BDA0E5889BE5BBBAE38081E7BC96E8BE91E5928CE8BF90E8A18C2053514C20E8AFADE58FA5EFBC8CE8808CE4B88DE5BF85E68B85E5BF83E8AFADE6B395E5928CE6ADA3E7A1AEE591BDE4BBA4E79A84E794A8E6B395E38082E9808FE8BF87E585B3E994AEE5AD97E5BBBAE8AEAEE5928CE5878FE5B091E9878DE5A48DE8BE93E585A5E79BB8E5908CE79A84E4BBA3E7A081EFBC8CE887AAE58AA8E5AE8CE68890E4BBA3E7A081E5928CE887AAE5AE9AE4B989E79A84E4BBA3E7A081E6AEB5E58A9FE883BDE58FAFE8AEA9E7BC96E7A081E69BB4E58AA0E5BFABE9809FE380823C2F703E3C2F6469763E3C64697620636C6173733D22636F6C2D736D2D3320636F6C2D6D642D322070726F647563742D696E666F2D66656174757265732D6C6F676F223E3C696D67207372633D2268747470733A2F2F7777772E6E6176696361742E636F6D2E636E2F696D616765732F30322E50726F647563745F30315F50726F64756374496E666F5F466561747572655F30345F446174616261736544657369676E2E706E67223E3C2F6469763E3C64697620636C6173733D22636F6C2D736D2D3920636F6C2D6D642D3420666561747572652D726F772D7465787422207374796C653D22746578742D616C69676E3A206C6566743B223E3C703E3C7370616E3EE699BAE883BDE695B0E68DAEE5BA93E8AEBEE8AEA1E599A83C2F7370616E3E3C2F703E3C703EE4BDBFE794A8E68891E4BBACE79A84E4B893E4B89AE5AFB9E8B1A1E8AEBEE8AEA1E599A8E5889BE5BBBAE38081E4BFAEE694B9E5928CE7AEA1E79086E68980E69C89E695B0E68DAEE5BA93E5AFB9E8B1A1E38082E7B2BEE5AF86E79A84E695B0E68DAEE5BA93E8AEBEE8AEA1E5928CE6A8A1E59E8BE5889BE5BBBAE5B7A5E585B7E883BDE5B086E695B0E68DAEE5BA93E8BDACE58C96E4B8BAE4BBA5E59BBEE5BDA2E8A1A8E7A4BAEFBC8CE8AEA9E4BDA0E8BDBBE69DBEE5889BE5BBBAE6A8A1E59E8BE38081E5889BE5BBBAE5928CE4BA86E8A7A3E5A48DE69D82E79A84E695B0E68DAEE5BA93E380823C2F703E3C2F6469763E3C2F6469763E3C64697620636C6173733D2270726F647563742D696E666F2D66656174757265732D726F7720726F7722207374796C653D22746578742D616C69676E3A2063656E7465723B223E3C64697620636C6173733D22636F6C2D736D2D3320636F6C2D6D642D322070726F647563742D696E666F2D66656174757265732D6C6F676F223E3C696D67207372633D2268747470733A2F2F7777772E6E6176696361742E636F6D2E636E2F696D616765732F30322E50726F647563745F30315F50726F64756374496E666F5F466561747572655F30395F4368617274732E706E67223E3C2F6469763E3C64697620636C6173733D22636F6C2D736D2D3920636F6C2D6D642D3420666561747572652D726F772D7465787422207374796C653D22746578742D616C69676E3A206C6566743B223E3C703E3C7370616E3EE695B0E68DAEE58FAFE8A786E58C96E5B7A5E585B73C2F7370616E3E3C2F703E3C703EE59BBEE8A1A8E58A9FE883BDE58FAFE8AEA9E4BDA0E4BBA5E58FAFE8A786E8A1A8E7A4BAE5BDA2E5BC8FE5889BE5BBBAE5A4A7E59E8BE695B0E68DAEE99B86EFBC8CE5B9B6E5B8AEE58AA9E4BDA0E4BB8EE695B0E68DAEE4B8ADE88EB7E5BE97E69BB4E6B7B1E79A84E8A781E8A7A3E38082E68EA2E7B4A2E5B9B6E58F91E68E98E695B0E68DAEE4B98BE997B4E79A84E6A8A1E5BC8FE38081E8B68BE58ABFE5928CE585B3E7B3BBEFBC8CE5B9B6E5B086E682A8E79A84E58F91E78EB0E5889BE5BBBAE69C89E69588E79A84E8A786E8A789E8BE93E587BAEFBC8CE698BEE7A4BAE59CA8E4BBAAE8A1A8E69DBFE4B88AE4BBA5E8BF9BE8A18CE585B1E4BAABE380823C2F703E3C2F6469763E3C64697620636C6173733D22636F6C2D736D2D3320636F6C2D6D642D322070726F647563742D696E666F2D66656174757265732D6C6F676F223E3C696D67207372633D2268747470733A2F2F7777772E6E6176696361742E636F6D2E636E2F696D616765732F30322E50726F647563745F30315F50726F64756374496E666F5F466561747572655F30355F50726F6475637469766974792E706E67223E3C2F6469763E3C64697620636C6173733D22636F6C2D736D2D3920636F6C2D6D642D3420666561747572652D726F772D7465787422207374796C653D22746578742D616C69676E3A206C6566743B223E3C703E3C7370616E3EE68F90E58D87E7949FE4BAA7E58A9B3C2F7370616E3E3C2F703E3C703EE5BCBAE5A4A7E79A84E69CACE59CB0E5A487E4BBBDE68896E8BF98E58E9FE8A7A3E586B3E696B9E6A188E883BDE5BC95E5AFBCE4BDA0E5AE8CE68890E695B4E4B8AAE5A487E4BBBDE8BF9BE7A88BEFBC8CE5B9B6E5878FE5B091E58F91E7949FE99499E8AFAFE79A84E69CBAE4BC9AE38082E4B8BAE58FAFE9878DE5A48DE79A84E983A8E7BDB2E8BF9BE7A88BEFBC88E5A682E695B0E68DAEE5BA93E5A487E4BBBDE5928CE8849AE69CACE8BF90E8A18CEFBC89E8AEBEE7BDAEE4BA8EE789B9E5AE9AE697B6E997B4E68896E697A5E69C9FE887AAE58AA8E8BF90E8A18CE38082E697A0E8AEBAE4BDA0E8BAABE5A484E4BD95E59CB0EFBC8CE983BDE58FAFE99A8FE697B6E68A8AE4BA8BE68385E58A9EE5A5BDE380823C2F703E3C2F6469763E3C2F6469763E3C64697620636C6173733D2270726F647563742D696E666F2D66656174757265732D726F7720726F7722207374796C653D22746578742D616C69676E3A2063656E7465723B223E3C64697620636C6173733D22636F6C2D736D2D3320636F6C2D6D642D322070726F647563742D696E666F2D66656174757265732D6C6F676F223E3C696D67207372633D2268747470733A2F2F7777772E6E6176696361742E636F6D2E636E2F696D616765732F30322E50726F647563745F30315F50726F64756374496E666F5F466561747572655F30365F436F6C6C61626F726174696F6E2E706E67223E3C2F6469763E3C64697620636C6173733D22636F6C2D736D2D3920636F6C2D6D642D3420666561747572652D726F772D7465787422207374796C653D22746578742D616C69676E3A206C6566743B223E3C703E3C7370616E3EE58D8FE5908CE59088E4BD9CE69BB4E696B9E4BEBF3C2F7370616E3E3C2F703E3C703EE5B086E4BDA0E79A84E8BF9EE68EA5E8AEBEE7BDAEE38081E6A8A1E59E8BE38081E69FA5E8AFA2E5928CE8999AE68B9FE7BB84E5908CE6ADA5E588B0E68891E4BBACE79A84204E61766963617420436C6F756420E69C8DE58AA1EFBC8CE4BBA5E4BEBFE4BDA0E58FAFE5AE9EE697B6E8AEBFE997AEE5AE83E4BBACEFBC8CE5B9B6E99A8FE697B6E99A8FE59CB0E4B88EE5908CE4BA8BE58886E4BAABE38082E69C89E4BA86204E61766963617420436C6F7564EFBC8CE4BDA0E58FAFE59684E794A8E6AF8FE58886E6AF8FE7A792EFBC8CE4BDBFE4BDA0E79A84E7949FE4BAA7E58A9BE8BEBEE887B4E69C80E9AB98E38082266E6273703B3C6120636C6173733D2264656661756C742D6C696E6B732220687265663D2268747470733A2F2F7777772E6E6176696361742E636F6D2E636E2F6E6176696361742D636C6F7564223EE4BA86E8A7A3E69BB4E5A49A202667743B3C2F613E3C2F703E3C2F6469763E3C64697620636C6173733D22636F6C2D736D2D3320636F6C2D6D642D322070726F647563742D696E666F2D66656174757265732D6C6F676F223E3C696D67207372633D2268747470733A2F2F7777772E6E6176696361742E636F6D2E636E2F696D616765732F30322E50726F647563745F30315F50726F64756374496E666F5F466561747572655F30375F53656375726974792E706E67223E3C2F6469763E3C64697620636C6173733D22636F6C2D736D2D3920636F6C2D6D642D3420666561747572652D726F772D7465787422207374796C653D22746578742D616C69676E3A206C6566743B223E3C703E3C7370616E3EE9AB98E7BAA7E5AE89E585A8E8BF9EE68EA53C2F7370616E3E3C2F703E3C703EE9809AE8BF872053534820E9809AE98193E5928C53534C20E5889BE5BBBAE5AE89E585A8E79A84E8BF9EE68EA5EFBC8CE7A1AEE4BF9DE6AF8FE4B8AAE8BF9EE68EA5E983BDE698AFE5AE89E585A8E38081E7A8B3E5AE9AE5928CE58FAFE99DA0E38082E68891E4BBACE694AFE68C81E695B0E68DAEE5BA93E69C8DE58AA1E599A8E79A84E4B88DE5908CE9AA8CE8AF81E696B9E5BC8FEFBC8CE5A6822050414D20E9AA8CE8AF81E380824E61766963617420E68F90E4BE9BE4BA86E69BB4E5A49AE79A84E9AA8CE8AF81E69CBAE588B6E5928CE9AB98E680A7E883BDE78EAFE5A283EFBC8CE68980E4BBA5E4BDA0E5868DE4B99FE4B88DE794A8E68B85E5BF83E4BDBFE794A8E4B88DE5AE89E585A8E79A84E7BD91E7BB9CE8BF9BE8A18CE8BF9EE68EA5E380823C2F703E3C2F6469763E3C2F6469763E3C64697620636C6173733D2270726F647563742D696E666F2D66656174757265732D726F7720726F7722207374796C653D22746578742D616C69676E3A2063656E7465723B223E3C64697620636C6173733D22636F6C2D736D2D3320636F6C2D6D642D322070726F647563742D696E666F2D66656174757265732D6C6F676F223E3C696D67207372633D2268747470733A2F2F7777772E6E6176696361742E636F6D2E636E2F696D616765732F30322E50726F647563745F30315F50726F64756374496E666F5F466561747572655F30385F43726F7373506C6174666F726D2E706E67223E3C2F6469763E3C64697620636C6173733D22636F6C2D736D2D3920636F6C2D6D642D3420666561747572652D726F772D7465787422207374796C653D22746578742D616C69676E3A206C6566743B223E3C7370616E3EE8B7A8E5B9B3E58FB0E8AEB8E58FAFE8AF813C2F7370616E3E3C703EE78EB0E59CA8E4BDA0E58FAFE4BBA5E59CA8204E61766963617420E4B8ADE4BDBFE794A8E8B7A8E5B9B3E58FB0E8AEB8E58FAFE8AF81E38082E697A0E8AEBAE59CA82057696E646F7773E380816D61634F5320E8BF98E698AF204C696E757820E4B88AE8BF90E8A18CEFBC8CE4BDA0E983BDE58FAFE4BBA5E8B4ADE4B9B0E4B880E6ACA1E5B9B6E98089E68BA9E8A681E6BF80E6B4BBE79A84E5B9B3E58FB0EFBC8CE5BE80E5908EE4BDA0E58FAFE4BBA5E5B086E8AEB8E58FAFE8AF81E8BDACE7A7BBE588B0E585B6E4BB96E5B9B3E58FB0E4B88AE4BDBFE794A8E380823C2F703E3C2F6469763E3C64697620636C6173733D22636F6C2D736D2D3320636F6C2D6D642D322070726F647563742D696E666F2D66656174757265732D6C6F676F223E3C696D67207372633D2268747470733A2F2F7777772E6E6176696361742E636F6D2E636E2F696D616765732F30322E50726F647563745F30315F50726F64756374496E666F5F466561747572655F4461726B4D6F64652E737667223E3C2F6469763E3C64697620636C6173733D22636F6C2D736D2D3920636F6C2D6D642D3420666561747572652D726F772D7465787422207374796C653D22746578742D616C69676E3A206C6566743B223E3C703E3C7370616E3EE6B7B1E889B2E6A8A1E5BC8F3C2F7370616E3E3C2F703E3C703EE8AEBEE7BDAEE6B7B1E889B2E5B883E699AFE4B8BBE9A298EFBC8CE4BBA5E4BF9DE68AA4E4BDA0E79A84E79CBCE79D9BE5858DE58F97E794B5E88491E4BCA0E7BB9FE4BBA4E4BABAE79CBCE88AB1E79A84E799BDE889B2E5BDB1E5938DE38082E59CA8E6B7B1E889B2E6A8A1E5BC8FE4B88BEFBC8CE9A1B5E99DA2E79A84E5A496E8A782E4B88DE4BC9AE694B9E58F98E4BBBBE4BD95E8A18CE4B8BAE380823C2F703E3C2F6469763E3C2F6469763E, 0, 'Navicat', '2020-06-06 20:31:35', '2020-06-06 23:25:34', 1, 0, 'Navicat Cloud 主窗口 直观和设计完善的图形用户界面简化了数据库管理和开发。');

-- ----------------------------
-- Table structure for channel
-- ----------------------------
DROP TABLE IF EXISTS `channel`;
CREATE TABLE `channel`  (
  `channel_id` int(11) NOT NULL AUTO_INCREMENT COMMENT '目录ID',
  `channel_name` varchar(255) CHARACTER SET utf8mb4 COLLATE utf8mb4_general_ci NULL DEFAULT NULL COMMENT '目录名称',
  `parent_channel_id` int(11) NULL DEFAULT 0 COMMENT '父类ID',
  `icon` varchar(255) CHARACTER SET utf8mb4 COLLATE utf8mb4_general_ci NULL DEFAULT NULL COMMENT '图标',
  `status` tinyint(255) NULL DEFAULT 1 COMMENT '发布状态:1发布0未发布',
  `seq` int(6) NULL DEFAULT 0 COMMENT '排序',
  PRIMARY KEY (`channel_id`) USING BTREE
) ENGINE = MyISAM AUTO_INCREMENT = 5 CHARACTER SET = utf8mb4 COLLATE = utf8mb4_general_ci ROW_FORMAT = Dynamic;

-- ----------------------------
-- Records of channel
-- ----------------------------
INSERT INTO `channel` VALUES (1, '首页', 0, 'fa fa-tachometer', 0, 0);
INSERT INTO `channel` VALUES (3, '新闻资讯', 0, 'layui-icon-rss', 1, 0);
INSERT INTO `channel` VALUES (4, '专业知识', 0, 'layui-icon-rss', 1, 0);

-- ----------------------------
-- Table structure for form
-- ----------------------------
DROP TABLE IF EXISTS `form`;
CREATE TABLE `form`  (
  `form_id` int(11) NOT NULL AUTO_INCREMENT COMMENT '报告模板id',
  `form_name` varchar(255) CHARACTER SET utf8mb4 COLLATE utf8mb4_general_ci NULL DEFAULT NULL COMMENT '模板名称',
  `form_type` int(1) NULL DEFAULT NULL COMMENT '模板类型',
  `create_user_id` int(11) NULL DEFAULT NULL COMMENT '创建用户id',
  `create_user_name` varchar(255) CHARACTER SET utf8mb4 COLLATE utf8mb4_general_ci NULL DEFAULT NULL COMMENT '创建用户名称',
  `create_time` timestamp(0) NULL DEFAULT NULL COMMENT '创建时间',
  `update_time` timestamp(0) NULL DEFAULT NULL COMMENT '修改时间',
  `form_desc` varchar(255) CHARACTER SET utf8mb4 COLLATE utf8mb4_general_ci NULL DEFAULT NULL COMMENT '模板描述',
  `status` tinyint(1) NULL DEFAULT 0 COMMENT '状态:0未发布 1已发布',
  `attachment` varchar(255) CHARACTER SET utf8mb4 COLLATE utf8mb4_general_ci NULL DEFAULT NULL COMMENT '附件',
  PRIMARY KEY (`form_id`) USING BTREE
) ENGINE = MyISAM AUTO_INCREMENT = 11 CHARACTER SET = utf8mb4 COLLATE = utf8mb4_general_ci ROW_FORMAT = Dynamic;

-- ----------------------------
-- Records of form
-- ----------------------------
INSERT INTO `form` VALUES (10, '咨询表', 1, 1, 'admin', '2020-05-24 17:04:56', '2020-05-24 17:32:59', '<p><span>请提交咨询表</span></p>', 1, '');

-- ----------------------------
-- Table structure for form_item
-- ----------------------------
DROP TABLE IF EXISTS `form_item`;
CREATE TABLE `form_item`  (
  `item_id` int(11) NOT NULL AUTO_INCREMENT COMMENT '报告项id',
  `form_id` int(11) NULL DEFAULT NULL COMMENT '报告模板id',
  `item_name` varchar(255) CHARACTER SET utf8mb4 COLLATE utf8mb4_general_ci NULL DEFAULT NULL COMMENT '报告项名称',
  `item_type` varchar(255) CHARACTER SET utf8mb4 COLLATE utf8mb4_general_ci NULL DEFAULT 'input' COMMENT '报告项类型input,radio,checkbox,textarea',
  `default_value` varchar(255) CHARACTER SET utf8mb4 COLLATE utf8mb4_general_ci NULL DEFAULT NULL COMMENT '默认值',
  `item_tip` varchar(255) CHARACTER SET utf8mb4 COLLATE utf8mb4_general_ci NULL DEFAULT NULL COMMENT '提示',
  PRIMARY KEY (`item_id`) USING BTREE
) ENGINE = MyISAM AUTO_INCREMENT = 51 CHARACTER SET = utf8mb4 COLLATE = utf8mb4_general_ci ROW_FORMAT = Dynamic;

-- ----------------------------
-- Records of form_item
-- ----------------------------
INSERT INTO `form_item` VALUES (50, 10, '附件上传', 'fileupload', '', NULL);
INSERT INTO `form_item` VALUES (49, 10, '描述', 'textarea', '', NULL);
INSERT INTO `form_item` VALUES (48, 10, '联系方式', 'input', '', NULL);
INSERT INTO `form_item` VALUES (47, 10, '姓名', 'input', '', NULL);

-- ----------------------------
-- Table structure for form_submit
-- ----------------------------
DROP TABLE IF EXISTS `form_submit`;
CREATE TABLE `form_submit`  (
  `submit_id` int(11) NOT NULL AUTO_INCREMENT COMMENT '提交id',
  `form_id` int(11) NULL DEFAULT NULL COMMENT '表单id',
  `user_id` int(11) NULL DEFAULT NULL COMMENT '用户id',
  `create_time` timestamp(0) NULL DEFAULT NULL COMMENT '创建时间',
  `update_time` timestamp(0) NULL DEFAULT NULL COMMENT '更新时间',
  `user_name` varchar(255) CHARACTER SET utf8mb4 COLLATE utf8mb4_general_ci NULL DEFAULT NULL COMMENT '账号',
  `status` int(1) NULL DEFAULT 1 COMMENT '状态: 0审核未通过 1提交 2审核通过',
  `show_name` varchar(255) CHARACTER SET utf8mb4 COLLATE utf8mb4_general_ci NULL DEFAULT NULL COMMENT '姓名',
  `audit_user_name` varchar(255) CHARACTER SET utf8mb4 COLLATE utf8mb4_general_ci NULL DEFAULT NULL COMMENT '审核人',
  `audit_time` timestamp(0) NULL DEFAULT NULL COMMENT '审核时间',
  `audit_user_id` int(11) NULL DEFAULT NULL COMMENT '审核用户ID',
  PRIMARY KEY (`submit_id`) USING BTREE
) ENGINE = MyISAM AUTO_INCREMENT = 11 CHARACTER SET = utf8mb4 COLLATE = utf8mb4_general_ci ROW_FORMAT = Dynamic;

-- ----------------------------
-- Records of form_submit
-- ----------------------------
INSERT INTO `form_submit` VALUES (9, 10, 1, '2020-05-26 23:36:17', '2020-05-26 23:36:17', 'admin', 2, 'admin', 'admin', '2020-05-26 23:37:19', 1);
INSERT INTO `form_submit` VALUES (10, 10, 1, '2020-05-26 23:36:55', '2020-05-26 23:36:55', 'admin', 0, 'admin', 'admin', '2020-05-27 23:57:18', 1);

-- ----------------------------
-- Table structure for form_submit_value
-- ----------------------------
DROP TABLE IF EXISTS `form_submit_value`;
CREATE TABLE `form_submit_value`  (
  `value_id` int(11) NOT NULL AUTO_INCREMENT COMMENT '值id',
  `item_id` int(11) NOT NULL COMMENT '报告项id',
  `form_id` int(11) NULL DEFAULT NULL COMMENT '表单id',
  `value_text` text CHARACTER SET utf8mb4 COLLATE utf8mb4_general_ci NULL COMMENT '值',
  `user_id` int(11) NULL DEFAULT NULL COMMENT '用户id',
  `submit_id` int(11) NULL DEFAULT NULL COMMENT '提交id',
  PRIMARY KEY (`value_id`) USING BTREE
) ENGINE = MyISAM AUTO_INCREMENT = 46 CHARACTER SET = utf8mb4 COLLATE = utf8mb4_general_ci ROW_FORMAT = Dynamic;

-- ----------------------------
-- Records of form_submit_value
-- ----------------------------
INSERT INTO `form_submit_value` VALUES (38, 47, 10, '超级管理员', 1, 9);
INSERT INTO `form_submit_value` VALUES (39, 48, 10, '18588888888', 1, 9);
INSERT INTO `form_submit_value` VALUES (40, 49, 10, '2414214', 1, 9);
INSERT INTO `form_submit_value` VALUES (41, 50, 10, '', 1, 9);
INSERT INTO `form_submit_value` VALUES (42, 47, 10, '超级管理员', 1, 10);
INSERT INTO `form_submit_value` VALUES (43, 48, 10, '18588888888', 1, 10);
INSERT INTO `form_submit_value` VALUES (44, 49, 10, '2414214444', 1, 10);
INSERT INTO `form_submit_value` VALUES (45, 50, 10, '', 1, 10);

-- ----------------------------
-- Table structure for menu
-- ----------------------------
DROP TABLE IF EXISTS `menu`;
CREATE TABLE `menu`  (
  `menu_id` int(11) NOT NULL AUTO_INCREMENT COMMENT '菜单id',
  `href` varchar(255) CHARACTER SET utf8mb4 COLLATE utf8mb4_general_ci NULL DEFAULT '/cms/index' COMMENT '地址',
  `icon` varchar(255) CHARACTER SET utf8mb4 COLLATE utf8mb4_general_ci NULL DEFAULT 'fa fa-home' COMMENT '图标',
  `target` varchar(255) CHARACTER SET utf8mb4 COLLATE utf8mb4_general_ci NULL DEFAULT '_self' COMMENT '目标',
  `title` varchar(255) CHARACTER SET utf8mb4 COLLATE utf8mb4_general_ci NULL DEFAULT NULL COMMENT '名字',
  `parent_menu_id` int(11) NULL DEFAULT 0 COMMENT '父菜单id',
  `role_id` varchar(255) CHARACTER SET utf8mb4 COLLATE utf8mb4_general_ci NULL DEFAULT '1,5,9' COMMENT '权限',
  PRIMARY KEY (`menu_id`) USING BTREE
) ENGINE = MyISAM AUTO_INCREMENT = 42 CHARACTER SET = utf8mb4 COLLATE = utf8mb4_general_ci ROW_FORMAT = Dynamic;

-- ----------------------------
-- Records of menu
-- ----------------------------
INSERT INTO `menu` VALUES (10, '/cms/index', 'fa fa-home', '_self', '基础管理', 0, '1,9,');
INSERT INTO `menu` VALUES (11, '/cms/user/list', 'fa fa-tachometer', '_self', '用户管理', 10, '1,9,');
INSERT INTO `menu` VALUES (12, '/cms/menu/list', 'fa fa-home', '_self', '菜单管理', 10, '1,9,');
INSERT INTO `menu` VALUES (32, '/cms/xxx/list', 'fa fa-tachometer', '_self', '文章管理', 0, '9,');
INSERT INTO `menu` VALUES (33, '/cms/channel/list', 'fa fa-tachometer', '_self', '频道列表', 32, '9,');
INSERT INTO `menu` VALUES (34, '/cms/article/list', 'fa fa-tachometer', '_self', '文章列表', 32, '9,');
INSERT INTO `menu` VALUES (38, '/cms/template/list', 'fa fa-tachometer', '_self', '模板值管理', 39, '9,');
INSERT INTO `menu` VALUES (22, '/cms/activity', 'fa fa-tachometer', '_self', '活动管理', 0, '1,9,');
INSERT INTO `menu` VALUES (23, '/cms/activity/list', 'fa fa-tachometer', '_self', '活动列表', 22, '1,9,');
INSERT INTO `menu` VALUES (25, '/cms/xxx/list', 'fa fa-tachometer', '_self', '表单管理', 0, '1,9,');
INSERT INTO `menu` VALUES (26, '/cms/form/list', 'fa fa-tachometer', '_self', '表单模板', 25, '1,9,');
INSERT INTO `menu` VALUES (27, '/cms/formSubmit/list', 'fa fa-tachometer', '_self', '提交列表', 25, '9,');
INSERT INTO `menu` VALUES (39, '/cms/xxx/list', 'fa fa-tachometer', '_self', '页面管理', 0, '1,9,');
INSERT INTO `menu` VALUES (40, '/cms/page/index', 'fa fa-tachometer', '_self', '首页预览', 39, '9,');
INSERT INTO `menu` VALUES (41, '/cms/page/article/3', 'fa fa-tachometer', '_self', '文章预览', 39, '9,');

-- ----------------------------
-- Table structure for role
-- ----------------------------
DROP TABLE IF EXISTS `role`;
CREATE TABLE `role`  (
  `role_id` int(11) NOT NULL AUTO_INCREMENT COMMENT '角色id',
  `role_name` varchar(50) CHARACTER SET utf8mb4 COLLATE utf8mb4_general_ci NULL DEFAULT NULL COMMENT '角色名称',
  `role_desc` varchar(255) CHARACTER SET utf8mb4 COLLATE utf8mb4_general_ci NULL DEFAULT NULL COMMENT '角色描述',
  PRIMARY KEY (`role_id`) USING BTREE
) ENGINE = MyISAM AUTO_INCREMENT = 10 CHARACTER SET = utf8mb4 COLLATE = utf8mb4_general_ci ROW_FORMAT = Dynamic;

-- ----------------------------
-- Records of role
-- ----------------------------
INSERT INTO `role` VALUES (9, '管理员', '管理员权限');
INSERT INTO `role` VALUES (1, '普通用户', '普通用户权限');

-- ----------------------------
-- Table structure for template
-- ----------------------------
DROP TABLE IF EXISTS `template`;
CREATE TABLE `template`  (
  `template_id` int(11) NOT NULL AUTO_INCREMENT COMMENT '模板ID',
  `template_name` varchar(255) CHARACTER SET utf8mb4 COLLATE utf8mb4_general_ci NULL DEFAULT NULL COMMENT 'div id',
  `template_value` varchar(255) CHARACTER SET utf8mb4 COLLATE utf8mb4_general_ci NULL DEFAULT NULL COMMENT '值',
  `description` varchar(255) CHARACTER SET utf8mb4 COLLATE utf8mb4_general_ci NULL DEFAULT NULL COMMENT '描述',
  `page` varchar(255) CHARACTER SET utf8mb4 COLLATE utf8mb4_general_ci NULL DEFAULT NULL COMMENT '页面',
  PRIMARY KEY (`template_id`) USING BTREE
) ENGINE = MyISAM AUTO_INCREMENT = 215 CHARACTER SET = utf8mb4 COLLATE = utf8mb4_general_ci ROW_FORMAT = Dynamic;

-- ----------------------------
-- Records of template
-- ----------------------------
INSERT INTO `template` VALUES (1, 'companyName', '广州智纵慧联信息咨询有限公司', '公司名称', 'base');
INSERT INTO `template` VALUES (2, 'bannerTitle', '政务信息系统云化迁移探讨', '首页大展示框大字', 'index');
INSERT INTO `template` VALUES (3, 'bannerDescription', '进行中', '首页大展示框小字', 'index');
INSERT INTO `template` VALUES (4, 'bannerButton', '点击参与', '大展示框按钮', 'index');
INSERT INTO `template` VALUES (5, 'bannerUrl', 'http://www.egag.org.cn/', '大展示框按钮跳转页面', 'index');
INSERT INTO `template` VALUES (6, 'bannerImage', '/img/intro/banner-1.png', '大展示框背景图', 'index');
INSERT INTO `template` VALUES (7, 'serviceTitle', '我们的服务', '服务标题', 'index');
INSERT INTO `template` VALUES (8, 'serviceDescription', '商务文印服务;商品信息咨询服务;企业管理咨询服务;市场调研服务;市场营销策划服务;群众参与的文艺类演出、比赛等公益性文化活动的策划;会议及展览服务;计算机网络系统工程服务;计算机技术开发、技术服务;软件开发;', '服务描述', 'index');
INSERT INTO `template` VALUES (9, 'location', '广州市越秀区盘福路医国后街1号大院自编1号1503房', '地址', 'base');
INSERT INTO `template` VALUES (10, 'phone', '020-87599883', '联系电话', 'base');
INSERT INTO `template` VALUES (11, 'email', '279554612@qq.com', '电子邮箱', 'base');
INSERT INTO `template` VALUES (12, 'service1icon', '/img/services/1.svg', '服务1图标', 'index');
INSERT INTO `template` VALUES (13, 'service2icon', '/img/services/2.svg', '服务2图标', 'index');
INSERT INTO `template` VALUES (14, 'service3icon', '/img/services/3.svg', '服务3图标', 'index');
INSERT INTO `template` VALUES (15, 'service1title', '咨询', '服务1标题', 'index');
INSERT INTO `template` VALUES (16, 'service2title', '金融', '服务2标题', 'index');
INSERT INTO `template` VALUES (17, 'service3title', '支持', '服务3标题', 'index');
INSERT INTO `template` VALUES (18, 'service1description', '咨询', '服务1链接', 'index');
INSERT INTO `template` VALUES (19, 'service2description', '咨询', '服务2描述', 'index');
INSERT INTO `template` VALUES (20, 'service3description', '咨询', '服务3描述', 'index');
INSERT INTO `template` VALUES (22, 'service2url', 'www.egag.org.cn', '服务2链接', 'index');
INSERT INTO `template` VALUES (23, 'service3url', 'www.egag.org.cn', '服务3链接', 'index');
INSERT INTO `template` VALUES (21, 'service1url', 'www.egag.org.cn', '服务1链接', 'index');
INSERT INTO `template` VALUES (24, 'solutionTitle', '终极解决方案', '解决方案标题', 'index');
INSERT INTO `template` VALUES (25, 'solutionDescription', '解决方案内容有：xxxxxxxxxxxxxxxxxxxxxxx', '解决方案内容', 'index');
INSERT INTO `template` VALUES (213, 'solutionUrl', 'www.egag.org.cn', '解决方案链接', 'index');
INSERT INTO `template` VALUES (214, 'readMore', '了解更多', 'ReadMore', 'index');

-- ----------------------------
-- Table structure for user
-- ----------------------------
DROP TABLE IF EXISTS `user`;
CREATE TABLE `user`  (
  `user_id` int(11) NOT NULL AUTO_INCREMENT COMMENT '用户id',
  `user_name` varchar(255) CHARACTER SET utf8mb4 COLLATE utf8mb4_general_ci NULL DEFAULT NULL COMMENT '账号名称',
  `create_time` timestamp(0) NULL DEFAULT NULL COMMENT '创建时间',
  `update_time` timestamp(0) NULL DEFAULT NULL COMMENT '更新时间',
  `show_name` varchar(255) CHARACTER SET utf8mb4 COLLATE utf8mb4_general_ci NULL DEFAULT NULL COMMENT '显示名称',
  `company_name` varchar(255) CHARACTER SET utf8mb4 COLLATE utf8mb4_general_ci NULL DEFAULT NULL COMMENT '公司名称',
  `company_address` varchar(255) CHARACTER SET utf8mb4 COLLATE utf8mb4_general_ci NULL DEFAULT NULL COMMENT '公司地址',
  `password` varchar(255) CHARACTER SET utf8mb4 COLLATE utf8mb4_general_ci NULL DEFAULT NULL COMMENT '密码',
  `status` tinyint(1) NULL DEFAULT 1 COMMENT '是否启用：1启用 0停用',
  `role_id` int(11) NULL DEFAULT NULL COMMENT '权限id',
  `open_id` varchar(100) CHARACTER SET utf8mb4 COLLATE utf8mb4_general_ci NULL DEFAULT NULL COMMENT '微信openid',
  `phone` varchar(50) CHARACTER SET utf8mb4 COLLATE utf8mb4_general_ci NULL DEFAULT NULL COMMENT '手机',
  `email` varchar(255) CHARACTER SET utf8mb4 COLLATE utf8mb4_general_ci NULL DEFAULT NULL COMMENT '邮箱',
  PRIMARY KEY (`user_id`) USING BTREE,
  UNIQUE INDEX `open_id_unique`(`open_id`) USING BTREE
) ENGINE = MyISAM AUTO_INCREMENT = 2088 CHARACTER SET = utf8mb4 COLLATE = utf8mb4_general_ci ROW_FORMAT = Dynamic;

-- ----------------------------
-- Records of user
-- ----------------------------
INSERT INTO `user` VALUES (1, 'admin', '2020-02-15 22:14:32', '2020-05-30 13:24:43', '超级管理员', 'egag', '', '123456', 1, 9, NULL, '18588888888', 'softdev@xxx.com');
INSERT INTO `user` VALUES (2, 'admin100', '2020-02-15 22:14:32', '2020-02-16 11:52:41', '管理员100', 'egag', NULL, '123456', 1, 9, NULL, '18588888888', 'softdev@xxx.com');
INSERT INTO `user` VALUES (3, 'admin101', '2020-02-15 22:14:32', '2020-02-16 11:58:44', '管理员101', 'egag', NULL, '123456', 1, 9, NULL, '18588888888', 'softdev@xxx.com');
INSERT INTO `user` VALUES (4, 'user201', '2020-02-15 22:14:32', '2020-02-15 22:14:35', '学生201', 'egag', NULL, '123456', 1, 1, NULL, '18588888888', 'softdev@xxx.com');
INSERT INTO `user` VALUES (5, 'user202', '2020-02-15 22:14:32', '2020-02-15 22:14:35', '学生202', 'egag', NULL, '123456', 1, 1, NULL, '18588888888', 'softdev@xxx.com');
INSERT INTO `user` VALUES (6, 'user203', '2020-02-15 22:14:32', '2020-02-16 12:21:22', '学生203', 'egag', NULL, '123456', 1, 1, NULL, '18588888888', 'softdev@xxx.com');
INSERT INTO `user` VALUES (7, 'user204', '2020-02-16 12:16:10', '2020-02-16 12:16:10', '学生204', 'egag', NULL, '123456', 1, 1, '', '18588888888', 'softdev@xxx.com');
INSERT INTO `user` VALUES (8, 'user205', '2020-02-16 12:20:42', '2020-02-16 12:20:42', '学生205', 'egag', NULL, '123456', 1, 1, NULL, '18588888888', 'softdev@xxx.com');

SET FOREIGN_KEY_CHECKS = 1;
