/*
 Navicat Premium Data Transfer

 Source Server         : localhost
 Source Server Type    : MySQL
 Source Server Version : 80012
 Source Host           : localhost:3306
 Source Schema         : springbootcms

 Target Server Type    : MySQL
 Target Server Version : 80012
 File Encoding         : 65001

 Date: 30/05/2020 21:34:03
*/

SET NAMES utf8mb4;
SET FOREIGN_KEY_CHECKS = 0;

-- ----------------------------
-- Table structure for activity
-- ----------------------------
DROP TABLE IF EXISTS `activity`;
CREATE TABLE `activity`  (
  `activity_id` int(11) NOT NULL AUTO_INCREMENT COMMENT '活动id',
  `activity_name` varchar(255) CHARACTER SET utf8mb4 COLLATE utf8mb4_general_ci NULL DEFAULT NULL COMMENT '活动名称',
  `activity_desc` text CHARACTER SET utf8mb4 COLLATE utf8mb4_general_ci NULL COMMENT '活动简介',
  `create_time` datetime(0) NULL DEFAULT NULL COMMENT '创建时间',
  `update_time` datetime(0) NULL DEFAULT NULL COMMENT '更新时间',
  `start_time` datetime(0) NULL DEFAULT NULL COMMENT '活动开始时间',
  `end_time` datetime(0) NULL DEFAULT NULL COMMENT '活动结束时间',
  `create_user_id` int(11) NULL DEFAULT NULL COMMENT '创建用户id',
  `create_user_name` varchar(255) CHARACTER SET utf8mb4 COLLATE utf8mb4_general_ci NULL DEFAULT NULL COMMENT '创建用户姓名',
  `status` tinyint(1) NULL DEFAULT 0 COMMENT '活动状态:0未发布 1已发布',
  PRIMARY KEY (`activity_id`) USING BTREE
) ENGINE = MyISAM AUTO_INCREMENT = 4 CHARACTER SET = utf8mb4 COLLATE = utf8mb4_general_ci ROW_FORMAT = Dynamic;

-- ----------------------------
-- Records of activity
-- ----------------------------
INSERT INTO `activity` VALUES (3, '共同抗击疫情，健康中华IT讲座', '病毒无情，人有情。防护病毒，防护IT系统，人人有责。', '2020-05-09 16:50:13', '2020-05-27 23:51:17', '2020-05-13 09:00:00', '2020-07-13 12:00:00', 1, 'admin', 1);

-- ----------------------------
-- Table structure for activity_sign
-- ----------------------------
DROP TABLE IF EXISTS `activity_sign`;
CREATE TABLE `activity_sign`  (
  `sign_id` int(11) NOT NULL AUTO_INCREMENT COMMENT '签到id',
  `activity_id` int(11) NULL DEFAULT NULL COMMENT '活动id',
  `user_id` int(11) NULL DEFAULT NULL COMMENT '用户id',
  `sign_time` timestamp(0) NULL DEFAULT NULL COMMENT '签到时间',
  `user_name` varchar(255) CHARACTER SET utf8mb4 COLLATE utf8mb4_general_ci NULL DEFAULT NULL COMMENT '账号',
  `show_name` varchar(255) CHARACTER SET utf8mb4 COLLATE utf8mb4_general_ci NULL DEFAULT NULL COMMENT '姓名',
  `sign_type` int(255) NULL DEFAULT 1 COMMENT '签到类型:1签到 2请假',
  `leave_reason` varchar(255) CHARACTER SET utf8mb4 COLLATE utf8mb4_general_ci NULL DEFAULT NULL COMMENT '请假理由',
  PRIMARY KEY (`sign_id`) USING BTREE
) ENGINE = MyISAM AUTO_INCREMENT = 8 CHARACTER SET = utf8mb4 COLLATE = utf8mb4_general_ci ROW_FORMAT = Dynamic;

-- ----------------------------
-- Records of activity_sign
-- ----------------------------
INSERT INTO `activity_sign` VALUES (7, 3, 1, '2020-05-27 23:56:44', 'admin', '超级管理员', 1, '签到');

-- ----------------------------
-- Table structure for article
-- ----------------------------
DROP TABLE IF EXISTS `article`;
CREATE TABLE `article`  (
  `article_id` int(11) NOT NULL AUTO_INCREMENT COMMENT '文章ID',
  `title` varchar(255) CHARACTER SET utf8mb4 COLLATE utf8mb4_general_ci NULL DEFAULT NULL COMMENT '文章标题',
  `create_user_id` int(11) NULL DEFAULT NULL COMMENT '创建者ID',
  `create_user_name` varchar(255) CHARACTER SET utf8mb4 COLLATE utf8mb4_general_ci NULL DEFAULT NULL COMMENT '创建者名称',
  `content` blob NULL COMMENT '内容',
  `channel_id` int(11) NULL DEFAULT NULL COMMENT '频道ID',
  `keyword` varchar(255) CHARACTER SET utf8mb4 COLLATE utf8mb4_general_ci NULL DEFAULT NULL COMMENT '关键字，逗号分隔',
  `create_time` timestamp(0) NULL DEFAULT NULL COMMENT '创建时间',
  `update_time` timestamp(0) NULL DEFAULT NULL COMMENT '更新时间',
  `status` tinyint(1) NULL DEFAULT 1 COMMENT '发布状态:1发布0未发布',
  `is_top` tinyint(1) NULL DEFAULT NULL COMMENT '是否置顶:0否1是',
  PRIMARY KEY (`article_id`) USING BTREE
) ENGINE = MyISAM AUTO_INCREMENT = 3 CHARACTER SET = utf8mb4 COLLATE = utf8mb4_general_ci ROW_FORMAT = Dynamic;

-- ----------------------------
-- Records of article
-- ----------------------------
INSERT INTO `article` VALUES (1, 'springboot给力', 1, '超级管理员', 0x3C6865616465723E3C6E61762069643D226E6176223E3C70726520636C6173733D227072657474797072696E7420686967686C69676874207072657474797072696E746564223E3C636F646520636C6173733D226C616E67756167652D746578742220646174612D6C616E673D2274657874223E3C7370616E20636C6173733D22706C6E223E706C7567696E73203C2F7370616E3E3C7370616E20636C6173733D2270756E223E7B3C2F7370616E3E3C7370616E20636C6173733D22706C6E223E0A096964203C2F7370616E3E3C7370616E20636C6173733D22737472223E276F72672E737072696E676672616D65776F726B2E626F6F74273C2F7370616E3E3C7370616E20636C6173733D22706C6E223E2076657273696F6E203C2F7370616E3E3C7370616E20636C6173733D22737472223E27322E322E302E52454C45415345273C2F7370616E3E3C7370616E20636C6173733D22706C6E223E0A096964203C2F7370616E3E3C7370616E20636C6173733D22737472223E27696F2E737072696E672E646570656E64656E63792D6D616E6167656D656E74273C2F7370616E3E3C7370616E20636C6173733D22706C6E223E2076657273696F6E203C2F7370616E3E3C7370616E20636C6173733D22737472223E27312E302E382E52454C45415345273C2F7370616E3E3C7370616E20636C6173733D22706C6E223E0A096964203C2F7370616E3E3C7370616E20636C6173733D22737472223E276A617661273C2F7370616E3E3C7370616E20636C6173733D22706C6E223E0A3C2F7370616E3E3C7370616E20636C6173733D2270756E223E7D3C2F7370616E3E3C7370616E20636C6173733D22706C6E223E0A0A3C2F7370616E3E3C7370616E20636C6173733D226B7764223E67726F75703C2F7370616E3E3C7370616E20636C6173733D22706C6E223E203C2F7370616E3E3C7370616E20636C6173733D2270756E223E3D3C2F7370616E3E3C7370616E20636C6173733D22706C6E223E203C2F7370616E3E3C7370616E20636C6173733D22737472223E27636F6D2E6578616D706C65273C2F7370616E3E3C7370616E20636C6173733D22706C6E223E0A76657273696F6E203C2F7370616E3E3C7370616E20636C6173733D2270756E223E3D3C2F7370616E3E3C7370616E20636C6173733D22706C6E223E203C2F7370616E3E3C7370616E20636C6173733D22737472223E27302E302E312D534E415053484F54273C2F7370616E3E3C7370616E20636C6173733D22706C6E223E0A736F75726365436F6D7061746962696C697479203C2F7370616E3E3C7370616E20636C6173733D2270756E223E3D3C2F7370616E3E3C7370616E20636C6173733D22706C6E223E203C2F7370616E3E3C7370616E20636C6173733D22737472223E27312E38273C2F7370616E3E3C7370616E20636C6173733D22706C6E223E0A0A7265706F7369746F72696573203C2F7370616E3E3C7370616E20636C6173733D2270756E223E7B3C2F7370616E3E3C7370616E20636C6173733D22706C6E223E0A096D6176656E43656E7472616C3C2F7370616E3E3C7370616E20636C6173733D2270756E223E28293C2F7370616E3E3C7370616E20636C6173733D22706C6E223E0A3C2F7370616E3E3C7370616E20636C6173733D2270756E223E7D3C2F7370616E3E3C7370616E20636C6173733D22706C6E223E0A0A646570656E64656E63696573203C2F7370616E3E3C7370616E20636C6173733D2270756E223E7B3C2F7370616E3E3C7370616E20636C6173733D22706C6E223E0A09696D706C656D656E746174696F6E203C2F7370616E3E3C7370616E20636C6173733D22737472223E276F72672E737072696E676672616D65776F726B2E626F6F743A737072696E672D626F6F742D737461727465722D776562273C2F7370616E3E3C7370616E20636C6173733D22706C6E223E0A0974657374496D706C656D656E746174696F6E3C2F7370616E3E3C7370616E20636C6173733D2270756E223E283C2F7370616E3E3C7370616E20636C6173733D22737472223E276F72672E737072696E676672616D65776F726B2E626F6F743A737072696E672D626F6F742D737461727465722D74657374273C2F7370616E3E3C7370616E20636C6173733D2270756E223E293C2F7370616E3E3C7370616E20636C6173733D22706C6E223E203C2F7370616E3E3C7370616E20636C6173733D2270756E223E7B3C2F7370616E3E3C7370616E20636C6173733D22706C6E223E0A09096578636C756465203C2F7370616E3E3C7370616E20636C6173733D226B7764223E67726F75703C2F7370616E3E3C7370616E20636C6173733D2270756E223E3A3C2F7370616E3E3C7370616E20636C6173733D22706C6E223E203C2F7370616E3E3C7370616E20636C6173733D22737472223E276F72672E6A756E69742E76696E74616765273C2F7370616E3E3C7370616E20636C6173733D2270756E223E2C3C2F7370616E3E3C7370616E20636C6173733D22706C6E223E203C2F7370616E3E3C7370616E20636C6173733D226B7764223E6D6F64756C653C2F7370616E3E3C7370616E20636C6173733D2270756E223E3A3C2F7370616E3E3C7370616E20636C6173733D22706C6E223E203C2F7370616E3E3C7370616E20636C6173733D22737472223E276A756E69742D76696E746167652D656E67696E65273C2F7370616E3E3C7370616E20636C6173733D22706C6E223E0A093C2F7370616E3E3C7370616E20636C6173733D2270756E223E7D3C2F7370616E3E3C7370616E20636C6173733D22706C6E223E0A3C2F7370616E3E3C7370616E20636C6173733D2270756E223E7D3C2F7370616E3E3C7370616E20636C6173733D22706C6E223E0A0A74657374203C2F7370616E3E3C7370616E20636C6173733D2270756E223E7B3C2F7370616E3E3C7370616E20636C6173733D22706C6E223E0A097573654A556E6974506C6174666F726D3C2F7370616E3E3C7370616E20636C6173733D2270756E223E28293C2F7370616E3E3C7370616E20636C6173733D22706C6E223E0A3C2F7370616E3E3C7370616E20636C6173733D2270756E223E7D3C2F7370616E3E3C2F636F64653E3C2F7072653E3C2F6E61763E3C2F6865616465723E, 1, 'springboot,spring,java', '2020-05-26 22:01:18', '2020-05-30 21:27:14', 1, 0);
INSERT INTO `article` VALUES (2, 'Starting with Spring Initializr', 1, '超级管理员', 0x3C68322069643D2273637261746368223E5374617274696E67207769746820537072696E6720496E697469616C697A723C2F68323E3C64697620636C6173733D2273656374696F6E626F6479223E3C64697620636C6173733D22706172616772617068223E3C703E466F7220616C6C20537072696E67206170706C69636174696F6E732C20796F752073686F756C64207374617274207769746820746865266E6273703B3C6120687265663D2268747470733A2F2F73746172742E737072696E672E696F2F223E537072696E6720496E697469616C697A723C2F613E2E2054686520496E697469616C697A72206F6666657273206120666173742077617920746F2070756C6C20696E20616C6C2074686520646570656E64656E6369657320796F75206E65656420666F7220616E206170706C69636174696F6E20616E6420646F65732061206C6F74206F662074686520736574757020666F7220796F752E2054686973206578616D706C65206E65656473206F6E6C792074686520537072696E672057656220646570656E64656E63792E2054686520666F6C6C6F77696E6720696D6167652073686F77732074686520496E697469616C697A722073657420757020666F7220746869732073616D706C652070726F6A6563743A3C2F703E3C2F6469763E3C64697620636C6173733D22696D616765626C6F636B223E3C64697620636C6173733D22636F6E74656E74223E3C696D67207372633D2268747470733A2F2F737072696E672E696F2F6775696465732F67732F726573742D736572766963652F696D616765732F696E697469616C697A722E706E672220616C743D22696E697469616C697A72223E3C2F6469763E3C2F6469763E3C64697620636C6173733D2261646D6F6E6974696F6E626C6F636B206E6F7465223E3C7461626C6520636C6173733D226C617975692D7461626C65223E3C74626F64793E3C74723E3C746420636C6173733D2269636F6E223E3C7370616E20636C6173733D2266612069636F6E2D6E6F746522207469746C653D224E6F7465223E3C2F7370616E3E3C2F74643E3C746420636C6173733D22636F6E74656E74223E3C703E54686520707265636564696E6720696D6167652073686F77732074686520496E697469616C697A722077697468204D6176656E2063686F73656E20617320746865206275696C6420746F6F6C2E20596F752063616E20616C736F2075736520477261646C652E20497420616C736F2073686F77732076616C756573206F66266E6273703B3C636F64653E636F6D2E6578616D706C653C2F636F64653E266E6273703B616E64266E6273703B3C636F64653E726573742D736572766963653C2F636F64653E266E6273703B6173207468652047726F757020616E642041727469666163742C20726573706563746976656C792E20596F752077696C6C207573652074686F73652076616C756573207468726F7567686F7574207468652072657374206F6620746869732073616D706C652E3C2F703E3C703E3C696D67207372633D22687474703A2F2F6C6F63616C686F73743A383838382F636D732F66696C652F66696C65732F31353930353032363038363236E5BEAEE4BFA1E59BBEE789875F32303139313130333232303434302E6A70672220616C743D2231353930353032363038363236E5BEAEE4BFA1E59BBEE789875F32303139313130333232303434302E6A7067223E3C62723E3C2F703E3C2F74643E3C2F74723E3C2F74626F64793E3C2F7461626C653E3C2F6469763E3C2F6469763E, 1, 'Starting,Initializr', '2020-05-26 22:04:14', '2020-05-26 22:17:32', 0, 0);

-- ----------------------------
-- Table structure for channel
-- ----------------------------
DROP TABLE IF EXISTS `channel`;
CREATE TABLE `channel`  (
  `channel_id` int(11) NOT NULL AUTO_INCREMENT COMMENT '目录ID',
  `channel_name` varchar(255) CHARACTER SET utf8mb4 COLLATE utf8mb4_general_ci NULL DEFAULT NULL COMMENT '目录名称',
  `parent_channel_id` int(11) NULL DEFAULT 0 COMMENT '父类ID',
  `icon` varchar(255) CHARACTER SET utf8mb4 COLLATE utf8mb4_general_ci NULL DEFAULT NULL COMMENT '图标',
  `status` tinyint(255) NULL DEFAULT 1 COMMENT '发布状态:1发布0未发布',
  PRIMARY KEY (`channel_id`) USING BTREE
) ENGINE = MyISAM AUTO_INCREMENT = 2 CHARACTER SET = utf8mb4 COLLATE = utf8mb4_general_ci ROW_FORMAT = Dynamic;

-- ----------------------------
-- Records of channel
-- ----------------------------
INSERT INTO `channel` VALUES (1, '首页', 0, 'fa fa-tachometer', 1);

-- ----------------------------
-- Table structure for form
-- ----------------------------
DROP TABLE IF EXISTS `form`;
CREATE TABLE `form`  (
  `form_id` int(11) NOT NULL AUTO_INCREMENT COMMENT '报告模板id',
  `form_name` varchar(255) CHARACTER SET utf8mb4 COLLATE utf8mb4_general_ci NULL DEFAULT NULL COMMENT '模板名称',
  `form_type` int(1) NULL DEFAULT NULL COMMENT '模板类型',
  `create_user_id` int(11) NULL DEFAULT NULL COMMENT '创建用户id',
  `create_user_name` varchar(255) CHARACTER SET utf8mb4 COLLATE utf8mb4_general_ci NULL DEFAULT NULL COMMENT '创建用户名称',
  `create_time` timestamp(0) NULL DEFAULT NULL COMMENT '创建时间',
  `update_time` timestamp(0) NULL DEFAULT NULL COMMENT '修改时间',
  `form_desc` varchar(255) CHARACTER SET utf8mb4 COLLATE utf8mb4_general_ci NULL DEFAULT NULL COMMENT '模板描述',
  `status` tinyint(1) NULL DEFAULT 0 COMMENT '状态:0未发布 1已发布',
  `attachment` varchar(255) CHARACTER SET utf8mb4 COLLATE utf8mb4_general_ci NULL DEFAULT NULL COMMENT '附件',
  PRIMARY KEY (`form_id`) USING BTREE
) ENGINE = MyISAM AUTO_INCREMENT = 11 CHARACTER SET = utf8mb4 COLLATE = utf8mb4_general_ci ROW_FORMAT = Dynamic;

-- ----------------------------
-- Records of form
-- ----------------------------
INSERT INTO `form` VALUES (10, '咨询表', 1, 1, 'admin', '2020-05-24 17:04:56', '2020-05-24 17:32:59', '<p><span>请提交咨询表</span></p>', 1, '');

-- ----------------------------
-- Table structure for form_item
-- ----------------------------
DROP TABLE IF EXISTS `form_item`;
CREATE TABLE `form_item`  (
  `item_id` int(11) NOT NULL AUTO_INCREMENT COMMENT '报告项id',
  `form_id` int(11) NULL DEFAULT NULL COMMENT '报告模板id',
  `item_name` varchar(255) CHARACTER SET utf8mb4 COLLATE utf8mb4_general_ci NULL DEFAULT NULL COMMENT '报告项名称',
  `item_type` varchar(255) CHARACTER SET utf8mb4 COLLATE utf8mb4_general_ci NULL DEFAULT 'input' COMMENT '报告项类型input,radio,checkbox,textarea',
  `default_value` varchar(255) CHARACTER SET utf8mb4 COLLATE utf8mb4_general_ci NULL DEFAULT NULL COMMENT '默认值',
  `item_tip` varchar(255) CHARACTER SET utf8mb4 COLLATE utf8mb4_general_ci NULL DEFAULT NULL COMMENT '提示',
  PRIMARY KEY (`item_id`) USING BTREE
) ENGINE = MyISAM AUTO_INCREMENT = 51 CHARACTER SET = utf8mb4 COLLATE = utf8mb4_general_ci ROW_FORMAT = Dynamic;

-- ----------------------------
-- Records of form_item
-- ----------------------------
INSERT INTO `form_item` VALUES (50, 10, '附件上传', 'fileupload', '', NULL);
INSERT INTO `form_item` VALUES (49, 10, '描述', 'textarea', '', NULL);
INSERT INTO `form_item` VALUES (48, 10, '联系方式', 'input', '', NULL);
INSERT INTO `form_item` VALUES (47, 10, '姓名', 'input', '', NULL);

-- ----------------------------
-- Table structure for form_submit
-- ----------------------------
DROP TABLE IF EXISTS `form_submit`;
CREATE TABLE `form_submit`  (
  `submit_id` int(11) NOT NULL AUTO_INCREMENT COMMENT '提交id',
  `form_id` int(11) NULL DEFAULT NULL COMMENT '表单id',
  `user_id` int(11) NULL DEFAULT NULL COMMENT '用户id',
  `create_time` timestamp(0) NULL DEFAULT NULL COMMENT '创建时间',
  `update_time` timestamp(0) NULL DEFAULT NULL COMMENT '更新时间',
  `user_name` varchar(255) CHARACTER SET utf8mb4 COLLATE utf8mb4_general_ci NULL DEFAULT NULL COMMENT '账号',
  `status` int(1) NULL DEFAULT 1 COMMENT '状态: 0审核未通过 1提交 2审核通过',
  `show_name` varchar(255) CHARACTER SET utf8mb4 COLLATE utf8mb4_general_ci NULL DEFAULT NULL COMMENT '姓名',
  `audit_user_name` varchar(255) CHARACTER SET utf8mb4 COLLATE utf8mb4_general_ci NULL DEFAULT NULL COMMENT '审核人',
  `audit_time` timestamp(0) NULL DEFAULT NULL COMMENT '审核时间',
  `audit_user_id` int(11) NULL DEFAULT NULL COMMENT '审核用户ID',
  PRIMARY KEY (`submit_id`) USING BTREE
) ENGINE = MyISAM AUTO_INCREMENT = 11 CHARACTER SET = utf8mb4 COLLATE = utf8mb4_general_ci ROW_FORMAT = Dynamic;

-- ----------------------------
-- Records of form_submit
-- ----------------------------
INSERT INTO `form_submit` VALUES (9, 10, 1, '2020-05-26 23:36:17', '2020-05-26 23:36:17', 'admin', 2, 'admin', 'admin', '2020-05-26 23:37:19', 1);
INSERT INTO `form_submit` VALUES (10, 10, 1, '2020-05-26 23:36:55', '2020-05-26 23:36:55', 'admin', 0, 'admin', 'admin', '2020-05-27 23:57:18', 1);

-- ----------------------------
-- Table structure for form_submit_value
-- ----------------------------
DROP TABLE IF EXISTS `form_submit_value`;
CREATE TABLE `form_submit_value`  (
  `value_id` int(11) NOT NULL AUTO_INCREMENT COMMENT '值id',
  `item_id` int(11) NOT NULL COMMENT '报告项id',
  `form_id` int(11) NULL DEFAULT NULL COMMENT '表单id',
  `value_text` text CHARACTER SET utf8mb4 COLLATE utf8mb4_general_ci NULL COMMENT '值',
  `user_id` int(11) NULL DEFAULT NULL COMMENT '用户id',
  `submit_id` int(11) NULL DEFAULT NULL COMMENT '提交id',
  PRIMARY KEY (`value_id`) USING BTREE
) ENGINE = MyISAM AUTO_INCREMENT = 46 CHARACTER SET = utf8mb4 COLLATE = utf8mb4_general_ci ROW_FORMAT = Dynamic;

-- ----------------------------
-- Records of form_submit_value
-- ----------------------------
INSERT INTO `form_submit_value` VALUES (38, 47, 10, '超级管理员', 1, 9);
INSERT INTO `form_submit_value` VALUES (39, 48, 10, '18588888888', 1, 9);
INSERT INTO `form_submit_value` VALUES (40, 49, 10, '2414214', 1, 9);
INSERT INTO `form_submit_value` VALUES (41, 50, 10, '', 1, 9);
INSERT INTO `form_submit_value` VALUES (42, 47, 10, '超级管理员', 1, 10);
INSERT INTO `form_submit_value` VALUES (43, 48, 10, '18588888888', 1, 10);
INSERT INTO `form_submit_value` VALUES (44, 49, 10, '2414214444', 1, 10);
INSERT INTO `form_submit_value` VALUES (45, 50, 10, '', 1, 10);

-- ----------------------------
-- Table structure for menu
-- ----------------------------
DROP TABLE IF EXISTS `menu`;
CREATE TABLE `menu`  (
  `menu_id` int(11) NOT NULL AUTO_INCREMENT COMMENT '菜单id',
  `href` varchar(255) CHARACTER SET utf8mb4 COLLATE utf8mb4_general_ci NULL DEFAULT '/cms/index' COMMENT '地址',
  `icon` varchar(255) CHARACTER SET utf8mb4 COLLATE utf8mb4_general_ci NULL DEFAULT 'fa fa-home' COMMENT '图标',
  `target` varchar(255) CHARACTER SET utf8mb4 COLLATE utf8mb4_general_ci NULL DEFAULT '_self' COMMENT '目标',
  `title` varchar(255) CHARACTER SET utf8mb4 COLLATE utf8mb4_general_ci NULL DEFAULT NULL COMMENT '名字',
  `parent_menu_id` int(11) NULL DEFAULT 0 COMMENT '父菜单id',
  `role_id` varchar(255) CHARACTER SET utf8mb4 COLLATE utf8mb4_general_ci NULL DEFAULT '1,5,9' COMMENT '权限',
  PRIMARY KEY (`menu_id`) USING BTREE
) ENGINE = MyISAM AUTO_INCREMENT = 38 CHARACTER SET = utf8mb4 COLLATE = utf8mb4_general_ci ROW_FORMAT = Dynamic;

-- ----------------------------
-- Records of menu
-- ----------------------------
INSERT INTO `menu` VALUES (10, '/cms/index', 'fa fa-home', '_self', '基础信息管理', 0, '1,9,');
INSERT INTO `menu` VALUES (11, '/cms/user/list', 'fa fa-tachometer', '_self', '用户管理', 10, '1,9,');
INSERT INTO `menu` VALUES (12, '/cms/menu/list', 'fa fa-home', '_self', '菜单管理', 10, '1,9,');
INSERT INTO `menu` VALUES (32, '/cms/xxx/list', 'fa fa-tachometer', '_self', '文章管理', 0, '9,');
INSERT INTO `menu` VALUES (33, '/cms/channel/list', 'fa fa-tachometer', '_self', '频道列表', 32, '9,');
INSERT INTO `menu` VALUES (34, '/cms/article/list', 'fa fa-tachometer', '_self', '文章列表', 32, '9,');
INSERT INTO `menu` VALUES (22, '/cms/activity', 'fa fa-tachometer', '_self', '活动管理', 0, '1,9,');
INSERT INTO `menu` VALUES (23, '/cms/activity/list', 'fa fa-tachometer', '_self', '活动列表', 22, '1,9,');
INSERT INTO `menu` VALUES (25, '/cms/xxx/list', 'fa fa-tachometer', '_self', '表单管理', 0, '1,9,');
INSERT INTO `menu` VALUES (26, '/cms/form/list', 'fa fa-tachometer', '_self', '表单模板', 25, '1,9,');
INSERT INTO `menu` VALUES (27, '/cms/formSubmit/list', 'fa fa-tachometer', '_self', '提交列表', 25, '9,');

-- ----------------------------
-- Table structure for role
-- ----------------------------
DROP TABLE IF EXISTS `role`;
CREATE TABLE `role`  (
  `role_id` int(11) NOT NULL AUTO_INCREMENT COMMENT '角色id',
  `role_name` varchar(50) CHARACTER SET utf8mb4 COLLATE utf8mb4_general_ci NULL DEFAULT NULL COMMENT '角色名称',
  `role_desc` varchar(255) CHARACTER SET utf8mb4 COLLATE utf8mb4_general_ci NULL DEFAULT NULL COMMENT '角色描述',
  PRIMARY KEY (`role_id`) USING BTREE
) ENGINE = MyISAM AUTO_INCREMENT = 10 CHARACTER SET = utf8mb4 COLLATE = utf8mb4_general_ci ROW_FORMAT = Dynamic;

-- ----------------------------
-- Records of role
-- ----------------------------
INSERT INTO `role` VALUES (9, '管理员', '管理员权限');
INSERT INTO `role` VALUES (1, '普通用户', '普通用户权限');

-- ----------------------------
-- Table structure for user
-- ----------------------------
DROP TABLE IF EXISTS `user`;
CREATE TABLE `user`  (
  `user_id` int(11) NOT NULL AUTO_INCREMENT COMMENT '用户id',
  `user_name` varchar(255) CHARACTER SET utf8mb4 COLLATE utf8mb4_general_ci NULL DEFAULT NULL COMMENT '账号名称',
  `create_time` timestamp(0) NULL DEFAULT NULL COMMENT '创建时间',
  `update_time` timestamp(0) NULL DEFAULT NULL COMMENT '更新时间',
  `show_name` varchar(255) CHARACTER SET utf8mb4 COLLATE utf8mb4_general_ci NULL DEFAULT NULL COMMENT '显示名称',
  `company_name` varchar(255) CHARACTER SET utf8mb4 COLLATE utf8mb4_general_ci NULL DEFAULT NULL COMMENT '公司名称',
  `company_address` varchar(255) CHARACTER SET utf8mb4 COLLATE utf8mb4_general_ci NULL DEFAULT NULL COMMENT '公司地址',
  `password` varchar(255) CHARACTER SET utf8mb4 COLLATE utf8mb4_general_ci NULL DEFAULT NULL COMMENT '密码',
  `status` tinyint(1) NULL DEFAULT 1 COMMENT '是否启用：1启用 0停用',
  `role_id` int(11) NULL DEFAULT NULL COMMENT '权限id',
  `open_id` varchar(100) CHARACTER SET utf8mb4 COLLATE utf8mb4_general_ci NULL DEFAULT NULL COMMENT '微信openid',
  `phone` varchar(50) CHARACTER SET utf8mb4 COLLATE utf8mb4_general_ci NULL DEFAULT NULL COMMENT '手机',
  `email` varchar(255) CHARACTER SET utf8mb4 COLLATE utf8mb4_general_ci NULL DEFAULT NULL COMMENT '邮箱',
  PRIMARY KEY (`user_id`) USING BTREE,
  UNIQUE INDEX `open_id_unique`(`open_id`) USING BTREE
) ENGINE = MyISAM AUTO_INCREMENT = 2088 CHARACTER SET = utf8mb4 COLLATE = utf8mb4_general_ci ROW_FORMAT = Dynamic;

-- ----------------------------
-- Records of user
-- ----------------------------
INSERT INTO `user` VALUES (1, 'admin', '2020-02-15 22:14:32', '2020-05-30 13:24:43', '超级管理员', 'egag', '', '123456', 1, 9, NULL, '18588888888', 'softdev@xxx.com');
INSERT INTO `user` VALUES (2, 'admin100', '2020-02-15 22:14:32', '2020-02-16 11:52:41', '管理员100', 'egag', NULL, '123456', 1, 9, NULL, '18588888888', 'softdev@xxx.com');
INSERT INTO `user` VALUES (3, 'admin101', '2020-02-15 22:14:32', '2020-02-16 11:58:44', '管理员101', 'egag', NULL, '123456', 1, 9, NULL, '18588888888', 'softdev@xxx.com');
INSERT INTO `user` VALUES (4, 'user201', '2020-02-15 22:14:32', '2020-02-15 22:14:35', '学生201', 'egag', NULL, '123456', 1, 1, NULL, '18588888888', 'softdev@xxx.com');
INSERT INTO `user` VALUES (5, 'user202', '2020-02-15 22:14:32', '2020-02-15 22:14:35', '学生202', 'egag', NULL, '123456', 1, 1, NULL, '18588888888', 'softdev@xxx.com');
INSERT INTO `user` VALUES (6, 'user203', '2020-02-15 22:14:32', '2020-02-16 12:21:22', '学生203', 'egag', NULL, '123456', 1, 1, NULL, '18588888888', 'softdev@xxx.com');
INSERT INTO `user` VALUES (7, 'user204', '2020-02-16 12:16:10', '2020-02-16 12:16:10', '学生204', 'egag', NULL, '123456', 1, 1, '', '18588888888', 'softdev@xxx.com');
INSERT INTO `user` VALUES (8, 'user205', '2020-02-16 12:20:42', '2020-02-16 12:20:42', '学生205', 'egag', NULL, '123456', 1, 1, NULL, '18588888888', 'softdev@xxx.com');

SET FOREIGN_KEY_CHECKS = 1;
